﻿<?xml version="1.0" encoding="utf-8"?>
<resources>
  <string name="Hello">Hello World, Click Me!</string>
  <string name="ApplicationName">SlidingTabLayout</string>
  <string name="sample_show_log">Show Log</string>
  <string name="sample_hide_log">Hide Log</string>
  <string name="open_drawer">Open drawer</string>
  <string name="close_drawer">Close drawer</string>
  <string name="driver_prompt">Driver</string>
  <string name="RecentShipments">No Recent Shipment!</string>
  <string name="ActiveShipments">No Active Shipment!</string>
  <string name="AwardedShipments">No Awarded Shipment!</string>
  <string name="trackShipment">No Shipment exists!</string>
  <string name="trackLocation">No Shipment Location!</string>
  <string name="choosFile">Please choose the supporting file.</string>
  <string name="BlockShipments">Are you sure you want to block payment of this shipment?</string>
  <string name="UnAwardShipment">Are you sure you want to award this shipment to another carrier?</string>
  <string name="ReasonForBlock">Please enter the reason you want to block this shipment below.</string>
  <string name="blockHeader">Block Shipment</string>
  <string name="VoidShipments">Are you sure you want to void this shipment?</string>
  <string name="ConfirmShipment">Enter the PRO Number associated with this shipment.</string>
  <string name="ConfShiplbl">Enter PRO Number:</string>
  <string name="DenyShipment">Enter a reason you have denied this shipment.</string>
  <string name="DenyShiplbl">Enter a reason:</string>
  <string name="RateCommentHeader">Rate Entries - Comment</string>
  <string name="ErrorAlert">Error !</string>
  <string name="ReSubmitShipment">Are you sure you want to re submit this shipment?</string>
  <string name="ReSubmitShipmentConfirm">Your request has been re-submitted to all carriers that have not responded!</string>
  <string name="ChatReplyText">Please enter the message for reply.</string>
  <string name="strAndroid">Android</string>
  
    <string-array name="driver_array">
    <item>All</item>
    <item>Myself</item>
  </string-array>

  <string-array name="driversList">
    <item>Myself</item>
    <item>Driver 1</item>
    <item>Driver 2</item>
    <item>Driver 3</item>
    <item>Driver 4</item>
    <item>Driver 5</item>
  </string-array>
  
  <string-array name="invoiceChargeType">
    <item>DETENTION CHG</item>
    <item>MISC CHG</item>
  </string-array>
  <string name="activeshipment">
    <font fgcolor="#952936">
      <item>Active Shipment</item>
    </font>
  </string>
 
</resources>
