﻿<?xml version="1.0" encoding="UTF-8" ?>
<resources>
  <!-- use for splash screen showing previously -->
  <style name="splashTheme" parent="Theme.AppCompat.NoActionBar">
    <item name="android:windowTranslucentNavigation">true</item>
    <item name="android:windowDrawsSystemBarBackgrounds">true</item>
    <item name="android:statusBarColor">@android:color/transparent</item>
    <item name="android:windowBackground">@drawable/screen</item>
  </style>

  <!-- Inherit from the light Material Theme -->
  <style name="MyCustomTheme" parent="android:Theme.Material">
    <!-- Customizations go here -->
    <item name="android:colorPrimary">@color/my_blue</item>
    <!-- Override the color of UI controls -->
    <item name="android:colorAccent">@color/my_purple</item>
  </style>
  <style name="WhiteCheck">
    <item name="colorAccent">#fff</item>
  </style>
  <!--Switch Design-->
  <style name="MySwitch" parent="Theme.AppCompat.Light">
    <!-- active thumb & track color (30% transparency) -->
    <item name="colorControlActivated">@color/ActiveThumb</item>

    <!-- inactive thumb color -->
    <item name="colorSwitchThumbNormal">@color/ThumbColor</item>

    <!-- inactive track color (30% transparency) -->
    <item name="android:colorForeground">@color/TrackColor</item>
  </style>

  <!-- Base application theme. -->
  <style name="AppTheme" parent="Theme.AppCompat.Light.NoActionBar">
    <item name="colorPrimary">@color/PrimaryColor</item>
    <item name="colorPrimaryDark">@color/PrimaryDarkColor</item>
    <!-- Customize your theme here. -->
  </style>
  <style name="PrimaryThemes" parent="Theme.AppCompat.Light">
    <item name="windowNoTitle">true</item>
    <item name="windowActionBar">false</item>
    <item name="colorPrimary">@color/colorPrimary</item>
    <item name="colorPrimaryDark">@color/colorPrimaryDark</item>
  </style>
  <!--TabLayout Theme-->
  <style name="MyCustomTabLayout" parent="Widget.Design.TabLayout">
    <item name="tabIndicatorColor">@color/indicator</item>
    <item name="tabIndicatorHeight">2dp</item>
    <item name="tabBackground">@color/bgColor</item>
    <item name="tabTextAppearance">@style/MyCustomTabTextAppearance</item>
    <item name="tabSelectedTextColor">@color/Selected</item>
  </style>
  <style name="MyCustomTabTextAppearance" parent="TextAppearance.Design.Tab">
    <item name="android:textSize">7sp</item>
    <item name="android:textColor">@color/unSelected</item>
    <item name="textAllCaps">true</item>
  </style>

  <style name="spinner_style" >
    <item name="android:background">@drawable/DropdownStyle</item>
  </style>

  <style name="SpinnerItem" parent="@android:style/Widget.TextView.SpinnerItem">
    <item name="android:textColor">#00FF00</item>
  </style>

  <style name="ThemeSpinner" parent="@style/Platform.AppCompat.Light">
    <item name="android:spinnerDropDownItemStyle">@style/SpinnerItem.DropDownItem</item>
  </style>
  <style name="SpinnerItem.DropDownItem" parent="@android:style/Widget.DropDownItem.Spinner">
    <item name="android:textColor">#000000</item>
  </style>


</resources>
