﻿<?xml version="1.0" encoding="utf-8"?>
<menu xmlns:android="http://schemas.android.com/apk/res/android">

  <group android:checkableBehavior="single">
    <item
       android:id="@+id/nav_home"
       android:icon="@drawable/home"
       android:title="Home">
    </item>

    <item
      android:id="@+id/nav_RateHistory"
       android:icon="@drawable/rate_history"
      android:title="Rate History"/>

    <!--<item
     android:id="@+id/nav_OrderHistory"
      android:icon="@drawable/daily_orders"
     android:title="Daily Orders"/>-->
    <item
      android:id="@+id/nav_Dashboard"
       android:icon="@drawable/dashboard"
      android:title="Your Dashboard"/>
    <item
      android:id="@+id/nav_RateLinxNews"
       android:icon="@drawable/news"
      android:title="RateLinx News"/>
    <item
      android:id="@+id/nav_HelpFeedback"
       android:icon="@drawable/feedback"
      android:title="Help and Feedback"/>
    <item
      android:id="@+id/nav_About"
       android:icon="@drawable/about"
      android:title="About RateLinx"/>
  </group>
  <group android:checkableBehavior="single">
  <item android:title="Settings">
    <menu>
      <item
        android:id="@+id/nav_PushNotification"
         android:icon="@drawable/notification"
        android:title="Push Notification"
        android:enabled="true"/>
      <item
        android:id="@+id/nav_Logout"
         android:icon="@drawable/logout"
        android:title="Logout" />
      <item />
      <item />
    </menu>
  </item>
  </group>
</menu>
