{
  "images": [
    {
      "minimum-system-version": "9.0",
      "orientation": "landscape",
      "extent": "full-screen",
      "filename": "1920_1080.png",
      "size": "1920x1080",
      "scale": "1x",
      "idiom": "tv"
    },
    {
      "minimum-system-version": "8.0",
      "orientation": "portrait",
      "extent": "full-screen",
      "filename": "1242_2208.png",
      "size": "414x736",
      "subtype": "736h",
      "scale": "3x",
      "idiom": "iphone"
    },
    {
      "minimum-system-version": "8.0",
      "orientation": "portrait",
      "extent": "full-screen",
      "filename": "750_1334.png",
      "size": "375x667",
      "subtype": "667h",
      "scale": "2x",
      "idiom": "iphone"
    },
    {
      "minimum-system-version": "8.0",
      "orientation": "landscape",
      "extent": "full-screen",
      "filename": "2208_1242.png",
      "size": "736x414",
      "subtype": "736h",
      "scale": "3x",
      "idiom": "iphone"
    },
    {
      "minimum-system-version": "7.0",
      "orientation": "portrait",
      "extent": "full-screen",
      "filename": "2048_2732.png",
      "size": "1024x1366",
      "scale": "2x",
      "idiom": "ipad"
    },
    {
      "minimum-system-version": "7.0",
      "orientation": "portrait",
      "extent": "full-screen",
      "filename": "640_960.png",
      "size": "320x480",
      "scale": "2x",
      "idiom": "iphone"
    },
    {
      "minimum-system-version": "7.0",
      "orientation": "portrait",
      "extent": "full-screen",
      "filename": "640_1136.png",
      "size": "320x568",
      "subtype": "retina4",
      "scale": "2x",
      "idiom": "iphone"
    },
    {
      "minimum-system-version": "7.0",
      "orientation": "portrait",
      "extent": "full-screen",
      "filename": "768_1024.png",
      "size": "768x1024",
      "scale": "1x",
      "idiom": "ipad"
    },
    {
      "minimum-system-version": "7.0",
      "orientation": "portrait",
      "extent": "full-screen",
      "filename": "1536_2048.png",
      "size": "768x1024",
      "scale": "2x",
      "idiom": "ipad"
    },
    {
      "minimum-system-version": "7.0",
      "orientation": "landscape",
      "extent": "full-screen",
      "filename": "1024_768.png",
      "size": "1024x768",
      "scale": "1x",
      "idiom": "ipad"
    },
    {
      "minimum-system-version": "7.0",
      "orientation": "landscape",
      "extent": "full-screen",
      "filename": "2048_1536.png",
      "size": "1024x768",
      "scale": "2x",
      "idiom": "ipad"
    },
    {
      "orientation": "portrait",
      "extent": "full-screen",
      "filename": "320_480.png",
      "size": "320x480",
      "scale": "1x",
      "idiom": "iphone"
    },
    {
      "orientation": "portrait",
      "extent": "full-screen",
      "filename": "640_960.png",
      "size": "320x480",
      "scale": "2x",
      "idiom": "iphone"
    },
    {
      "orientation": "portrait",
      "extent": "full-screen",
      "filename": "640_1136.png",
      "size": "320x568",
      "subtype": "retina4",
      "scale": "2x",
      "idiom": "iphone"
    },
    {
      "orientation": "portrait",
      "extent": "to-status-bar",
      "filename": "768_1004.png",
      "size": "768x1004",
      "scale": "1x",
      "idiom": "ipad"
    },
    {
      "orientation": "portrait",
      "extent": "to-status-bar",
      "filename": "1536_2008.png",
      "size": "768x1004",
      "scale": "2x",
      "idiom": "ipad"
    },
    {
      "orientation": "portrait",
      "extent": "full-screen",
      "filename": "768_1024.png",
      "size": "768x1024",
      "scale": "1x",
      "idiom": "ipad"
    },
    {
      "orientation": "portrait",
      "extent": "full-screen",
      "filename": "1536_2048.png",
      "size": "768x1024",
      "scale": "2x",
      "idiom": "ipad"
    },
    {
      "orientation": "landscape",
      "extent": "to-status-bar",
      "filename": "1024_748.png",
      "size": "1024x748",
      "scale": "1x",
      "idiom": "ipad"
    },
    {
      "orientation": "landscape",
      "extent": "to-status-bar",
      "filename": "2048_1496.png",
      "size": "1024x748",
      "scale": "2x",
      "idiom": "ipad"
    },
    {
      "orientation": "landscape",
      "extent": "full-screen",
      "filename": "1024_768.png",
      "size": "1024x768",
      "scale": "1x",
      "idiom": "ipad"
    },
    {
      "orientation": "landscape",
      "extent": "full-screen",
      "filename": "2048_1536.png",
      "size": "1024x768",
      "scale": "2x",
      "idiom": "ipad"
    }
  ],
  "info": {
    "version": 1,
    "author": "xcode"
  }
}