{
  "project_info": {
    "project_number": "812927631355",
    "firebase_url": "https://ratelinxmobile-ad377.firebaseio.com",
    "project_id": "ratelinxmobile-ad377",
    "storage_bucket": "ratelinxmobile-ad377.appspot.com"
  },
  "client": [
    {
      "client_info": {
        "mobilesdk_app_id": "1:812927631355:android:30b632c5bac817a3",
        "android_client_info": {
          "package_name": "com.ratelinx.app"
        }
      },
      "oauth_client": [
        {
          "client_id": "812927631355-65jvfav5v7gd60baqd1rbjghj17sas3o.apps.googleusercontent.com",
          "client_type": 3
        }
      ],
      "api_key": [
        {
          "current_key": "AIzaSyAKiuvpo25WHcgIE0B0tXEiJurhCFrwVVY"
        }
      ],
      "services": {
        "analytics_service": {
          "status": 1
        },
        "appinvite_service": {
          "status": 1,
          "other_platform_oauth_client": []
        },
        "ads_service": {
          "status": 2
        }
      }
    }
  ],
  "configuration_version": "1"
}