﻿<?xml version="1.0" encoding="utf-8" ?>
<resources>
  <color name="my_blue">#3498DB</color>
  <color name="my_green">#77D065</color>
  <color name="my_purple">#B455B6</color>
  <color name="my_gray">#738182</color>
  <color name="loginButtonColor">#952936</color>
  <color name="white_color">#fff</color>
  <color name="Blcolor">#000</color>
  <color name="editTextColor">#3D3D3D</color>
  <!-- Color Codes of shipments for carrier login -->
  <color name="Ok_evenColor">#8ae68a</color>
  <color name="Ok_oddColor">#99ff99</color>
  <color name="Warning_evenColor">#efef8f</color>
  <color name="Warning_oddColor">#ffff99</color>
  <color name="Critical_evenColor">#f39292</color>
  <color name="Critical_oddColor">#ff9999</color>
  <!-- Color Codes of shipments for customer login -->
  <color name="None_evenColor">#e0dfdf</color>
  <color name="None_oddColor">#f0efef</color>
  <!---->
  <color name="colorPrimary">#E53935</color>
  <color name="HistoryEvenColor">#9d2235</color>
  <color name="colorPrimaryDark">#E53935</color>
  <!-- Slider Color -->
  <color name="PrimaryColor">#2196F3</color>
  <color name="PrimaryDarkColor">#1976D2</color>
  <!-- Slider Selected Tab Color -->
  <color name="indicator">#952936</color>
  <color name="bgColor">#e0dfdf</color>
  <color name="unSelected">#000</color>
  <color name="Selected">#952936</color>
  <!-- Shipment Detailed Page Color Coding-->
  <color name="detailed_Header">#333</color>
  <!--PopButton Colo-->
  <color name="PopupButtonOk">#428bca</color>
  <color name="accordion_heading_hover">#9D2235</color>
  <color name="accordion_heading">#302B25</color>
  <color name="NoShipment">#D54F63</color>
  <!--Button Color-->
  <color name="btnColor">#B4273D</color>
  <!--Supporting file Layout bg Color-->
  <color name="OddColor">#f0efef</color>
  <color name="EvenColor">#e0dfdf</color>
  <!--Remember Me-->
  <color name="ActiveThumb">#9d2235</color>
  <color name="TrackColor">#dddddd</color>
  <color name="ThumbColor">#fff</color>
</resources>