﻿<?xml version="1.0" encoding="utf-8"?>
<selector xmlns:android="http://schemas.android.com/apk/res/android">

  <item>
    <layer-list>
      <item>
        <shape>

          <stroke android:width="2dp"  android:color="#f0efef" />

          <corners android:radius="10dp" android:color="#f0efef" />

          <solid android:color="@color/white_color" android:paddingLeft="5dp"
      android:paddingTop="5dp" />
          <padding android:left="5dp" android:right="5dp" />
     
        </shape>
      </item>
      <item >
        <bitmap android:gravity="center|right" android:src="@drawable/DropDown" />   // you can use any other image here, instead of default_holo_dark_am
      </item>
    </layer-list>
  </item>

</selector>
