﻿<?xml version="1.0" encoding="utf-8"?>
<selector xmlns:android="http://schemas.android.com/apk/res/android">
  <item>
    <layer-list>
      <item>
        <shape android:thickness="1dp"
       android:shape="rectangle">
          <stroke android:width="1dp" />
          <corners android:radius="8dp" />
          <solid android:color="@color/white_color" android:paddingLeft="5dp"
      android:paddingTop="5dp" />
          <padding android:left="5dp" android:right="5dp" />
          <gradient
 android:startColor="@color/white_color"
 android:endColor="@color/white_color"
 android:type="linear"
 android:angle="270"/>
        </shape>
      </item>
      <item>
        <bitmap android:gravity="center|right" android:src="@drawable/DropDown" 
                android:paddingRight="5dp" android:layout_width="20dp"
                android:layout_height="20dp" />   // you can use any other image here, instead of default_holo_dark_am
      </item>
    </layer-list>
  </item>

</selector>
